,Model,MPG,Cylinders,Displacement,Horsepower,Weight,Acceleration,Year,Origin,Model_Year,cluster,dim1,dim2
0,chevrolet chevelle malibu,18.0,8,307.0,130,3504,12.0,1970,US,"chevrolet chevelle malibu, 1970",2,22.978128,-11.275782
1,buick skylark 320,15.0,8,350.0,165,3693,11.5,1970,US,"buick skylark 320, 1970",2,27.532259,-14.5952425
2,plymouth satellite,18.0,8,318.0,150,3436,11.0,1970,US,"plymouth satellite, 1970",2,25.473282,-15.407027
3,amc rebel sst,16.0,8,304.0,150,3433,12.0,1970,US,"amc rebel sst, 1970",2,24.118471,-14.019496
4,ford torino,17.0,8,302.0,140,3449,10.5,1970,US,"ford torino, 1970",2,25.390757,-16.006357
5,ford galaxie 500,15.0,8,429.0,198,4341,10.0,1970,US,"ford galaxie 500, 1970",2,31.240665,-16.667747
6,chevrolet impala,14.0,8,454.0,220,4354,9.0,1970,US,"chevrolet impala, 1970",2,32.155983,-17.505358
7,plymouth fury iii,14.0,8,440.0,215,4312,8.5,1970,US,"plymouth fury iii, 1970",2,31.821032,-17.745676
8,pontiac catalina,14.0,8,455.0,225,4425,10.0,1970,US,"pontiac catalina, 1970",2,32.444645,-16.890114
9,amc ambassador dpl,15.0,8,390.0,190,3850,8.5,1970,US,"amc ambassador dpl, 1970",2,30.745161,-17.533741
10,dodge challenger se,15.0,8,383.0,170,3563,10.0,1970,US,"dodge challenger se, 1970",2,28.42375,-16.465614
11,plymouth 'cuda 340,14.0,8,340.0,160,3609,8.0,1970,US,"plymouth 'cuda 340, 1970",2,27.542822,-17.21309
12,chevrolet monte carlo,15.0,8,400.0,150,3761,9.5,1970,US,"chevrolet monte carlo, 1970",2,26.661217,-16.606321
13,buick estate wagon (sw),14.0,8,455.0,225,3086,10.0,1970,US,"buick estate wagon (sw), 1970",2,32.868908,-16.905859
14,toyota corona mark ii,24.0,4,113.0,95,2372,15.0,1970,Japan,"toyota corona mark ii, 1970",1,-2.6052186,9.262048
15,plymouth duster,22.0,6,198.0,95,2833,15.5,1970,US,"plymouth duster, 1970",0,0.32857254,-5.2647943
16,amc hornet,18.0,6,199.0,97,2774,15.5,1970,US,"amc hornet, 1970",0,0.3859591,-7.646151
17,ford maverick,21.0,6,200.0,85,2587,16.0,1970,US,"ford maverick, 1970",0,-2.3074758,-5.4488816
18,datsun pl510,27.0,4,97.0,88,2130,14.5,1970,Japan,"datsun pl510, 1970",1,-3.2794425,12.475987
19,volkswagen 1131 deluxe sedan,26.0,4,97.0,46,1835,20.5,1970,Europe,"volkswagen 1131 deluxe sedan, 1970",1,-19.47522,1.7951177
20,peugeot 504,25.0,4,110.0,87,2672,17.5,1970,Europe,"peugeot 504, 1970",1,-11.230979,3.9609065
21,audi 100 ls,24.0,4,107.0,90,2430,14.5,1970,Europe,"audi 100 ls, 1970",1,-1.4730569,10.194071
22,saab 99e,25.0,4,104.0,95,2375,17.5,1970,Europe,"saab 99e, 1970",1,-10.645533,3.6509836
23,bmw 2002,26.0,4,121.0,113,2234,12.5,1970,Europe,"bmw 2002, 1970",1,3.1094697,10.113061
24,amc gremlin,21.0,6,199.0,90,2648,15.0,1970,US,"amc gremlin, 1970",0,1.9316964,-5.9715366
25,ford f250,10.0,8,360.0,215,4615,14.0,1970,US,"ford f250, 1970",2,28.72424,-19.686268
26,chevy c20,10.0,8,307.0,200,4376,15.0,1970,US,"chevy c20, 1970",2,28.208609,-19.990274
27,dodge d200,11.0,8,318.0,210,4382,13.5,1970,US,"dodge d200, 1970",2,28.953802,-19.461035
28,hi 1200d,9.0,8,304.0,193,4732,18.5,1970,US,"hi 1200d, 1970",2,26.960144,-20.662598
29,datsun pl510,27.0,4,97.0,88,2130,14.5,1971,Japan,"datsun pl510, 1971",1,-3.2791119,12.474114
30,chevrolet vega 2300,28.0,4,140.0,90,2264,15.5,1971,US,"chevrolet vega 2300, 1971",1,-6.684887,10.487713
31,toyota corona,25.0,4,113.0,95,2228,14.0,1971,Japan,"toyota corona, 1971",1,-0.59930354,11.042167
32,amc gremlin,19.0,6,232.0,100,2634,13.0,1971,US,"amc gremlin, 1971",0,5.6599736,-4.2937927
33,plymouth satellite custom,16.0,6,225.0,105,3439,15.5,1971,US,"plymouth satellite custom, 1971",0,0.85407865,-9.055883
34,chevrolet chevelle malibu,17.0,6,250.0,100,3329,15.5,1971,US,"chevrolet chevelle malibu, 1971",0,0.83187425,-8.412293
35,ford torino 500,19.0,6,250.0,88,3302,15.5,1971,US,"ford torino 500, 1971",0,-1.2129718,-6.0055437
36,amc matador,18.0,6,232.0,100,3288,15.5,1971,US,"amc matador, 1971",0,0.6734467,-7.8914614
37,chevrolet impala,14.0,8,350.0,165,4209,12.0,1971,US,"chevrolet impala, 1971",2,27.61228,-13.724334
38,pontiac catalina brougham,14.0,8,400.0,175,4464,11.5,1971,US,"pontiac catalina brougham, 1971",2,29.065243,-14.57644
39,ford galaxie 500,14.0,8,351.0,153,4154,13.5,1971,US,"ford galaxie 500, 1971",2,20.051838,-14.942946
40,plymouth fury iii,14.0,8,318.0,150,4096,13.0,1971,US,"plymouth fury iii, 1971",2,21.427732,-13.984109
41,dodge monaco (sw),12.0,8,383.0,180,4955,11.5,1971,US,"dodge monaco (sw), 1971",2,29.987589,-14.665021
42,ford country squire (sw),13.0,8,400.0,170,4746,12.0,1971,US,"ford country squire (sw), 1971",2,28.449247,-13.492665
43,pontiac safari (sw),13.0,8,400.0,175,5140,12.0,1971,US,"pontiac safari (sw), 1971",2,29.141161,-13.481129
44,amc hornet sportabout (sw),18.0,6,258.0,110,2962,13.5,1971,US,"amc hornet sportabout (sw), 1971",0,6.0857396,-4.348092
45,chevrolet vega (sw),22.0,4,140.0,72,2408,19.0,1971,US,"chevrolet vega (sw), 1971",1,-14.208489,0.3157951
46,pontiac firebird,19.0,6,250.0,100,3282,15.0,1971,US,"pontiac firebird, 1971",0,2.0528827,-6.919192
47,ford mustang,18.0,6,250.0,88,3139,14.5,1971,US,"ford mustang, 1971",0,3.3093748,-7.158619
48,mercury capri 2000,23.0,4,122.0,86,2220,14.0,1971,US,"mercury capri 2000, 1971",1,-0.32309464,10.021633
49,opel 1900,28.0,4,116.0,90,2123,14.0,1971,Europe,"opel 1900, 1971",1,-2.6691175,13.427593
50,peugeot 304,30.0,4,79.0,70,2074,19.5,1971,Europe,"peugeot 304, 1971",1,-18.544542,4.709091
51,fiat 124b,30.0,4,88.0,76,2065,14.5,1971,Europe,"fiat 124b, 1971",1,-7.584283,15.727452
52,toyota corolla 1200,31.0,4,71.0,65,1773,19.0,1971,Japan,"toyota corolla 1200, 1971",1,-18.824886,5.743347
53,datsun 1200,35.0,4,72.0,69,1613,18.0,1971,Japan,"datsun 1200, 1971",1,-19.15179,9.614633
54,volkswagen model 111,27.0,4,97.0,60,1834,19.0,1971,Europe,"volkswagen model 111, 1971",1,-18.915491,4.037562
55,plymouth cricket,26.0,4,91.0,70,1955,20.5,1971,US,"plymouth cricket, 1971",1,-18.271013,1.36288
56,toyota corona hardtop,24.0,4,113.0,95,2278,15.5,1972,Japan,"toyota corona hardtop, 1972",1,-3.662544,8.324996
57,dodge colt hardtop,25.0,4,97.5,80,2126,17.0,1972,US,"dodge colt hardtop, 1972",1,-10.189853,4.9394703
58,volkswagen type 3,23.0,4,97.0,54,2254,23.5,1972,Europe,"volkswagen type 3, 1972",1,-20.46331,0.03098092
59,chevrolet vega,20.0,4,140.0,90,2408,19.5,1972,US,"chevrolet vega, 1972",1,-14.556749,-1.256754
60,ford pinto runabout,21.0,4,122.0,86,2226,16.5,1972,US,"ford pinto runabout, 1972",1,-7.017455,4.360813
61,chevrolet impala,13.0,8,350.0,165,4274,12.0,1972,US,"chevrolet impala, 1972",2,27.720778,-13.353211
62,pontiac catalina,14.0,8,400.0,175,4385,12.0,1972,US,"pontiac catalina, 1972",2,29.05396,-13.854134
63,plymouth fury iii,15.0,8,318.0,150,4135,13.5,1972,US,"plymouth fury iii, 1972",2,19.831913,-13.652373
64,ford galaxie 500,14.0,8,351.0,153,4129,13.0,1972,US,"ford galaxie 500, 1972",2,21.7517,-14.544736
65,amc ambassador sst,17.0,8,304.0,150,3672,11.5,1972,US,"amc ambassador sst, 1972",2,25.020159,-14.691298
66,mercury marquis,11.0,8,429.0,208,4633,11.0,1972,US,"mercury marquis, 1972",2,32.051865,-15.675331
67,buick lesabre custom,13.0,8,350.0,155,4502,13.5,1972,US,"buick lesabre custom, 1972",2,20.26175,-15.578314
68,oldsmobile delta 88 royale,12.0,8,350.0,160,4456,13.5,1972,US,"oldsmobile delta 88 royale, 1972",2,20.781296,-16.217081
69,chrysler newport royal,13.0,8,400.0,190,4422,12.5,1972,US,"chrysler newport royal, 1972",2,30.72319,-13.324533
70,mazda rx2 coupe,19.0,3,70.0,97,2330,13.5,1972,Japan,"mazda rx2 coupe, 1972",1,1.5494401,8.05252
71,amc matador (sw),15.0,8,304.0,150,3892,12.5,1972,US,"amc matador (sw), 1972",2,22.8258,-13.31534
72,chevrolet chevelle concours (sw),13.0,8,307.0,130,4098,14.0,1972,US,"chevrolet chevelle concours (sw), 1972",2,16.408804,-12.315131
73,ford gran torino (sw),13.0,8,302.0,140,4294,16.0,1972,US,"ford gran torino (sw), 1972",2,14.555277,-14.6542015
74,plymouth satellite custom (sw),14.0,8,318.0,150,4077,14.0,1972,US,"plymouth satellite custom (sw), 1972",2,18.532352,-14.694237
75,volvo 145e (sw),18.0,4,121.0,112,2933,14.5,1972,Europe,"volvo 145e (sw), 1972",0,0.27995053,5.3844857
76,volkswagen 411 (sw),22.0,4,121.0,76,2511,18.0,1972,Europe,"volkswagen 411 (sw), 1972",1,-12.628293,1.219084
77,peugeot 504 (sw),21.0,4,120.0,87,2979,19.5,1972,Europe,"peugeot 504 (sw), 1972",1,-14.818392,-0.8538743
78,renault 12 (sw),26.0,4,96.0,69,2189,18.0,1972,Europe,"renault 12 (sw), 1972",1,-13.360842,2.6474712
79,ford pinto (sw),22.0,4,122.0,86,2395,16.0,1972,US,"ford pinto (sw), 1972",1,-6.4965186,5.238475
80,datsun 510 (sw),28.0,4,97.0,92,2288,17.0,1972,Japan,"datsun 510 (sw), 1972",1,-11.103053,6.8757305
81,toyouta corona mark ii (sw),23.0,4,120.0,97,2506,14.5,1972,Japan,"toyouta corona mark ii (sw), 1972",1,-0.9336644,9.206008
82,dodge colt (sw),28.0,4,98.0,80,2164,15.0,1972,US,"dodge colt (sw), 1972",1,-6.319492,13.026629
83,toyota corolla 1600 (sw),27.0,4,97.0,88,2100,16.5,1972,Japan,"toyota corolla 1600 (sw), 1972",1,-9.785948,7.780225
84,buick century 350,13.0,8,350.0,175,4100,13.0,1973,US,"buick century 350, 1973",2,29.124231,-12.12892
85,amc matador,14.0,8,304.0,150,3672,11.5,1973,US,"amc matador, 1973",2,25.397186,-13.857161
86,chevrolet malibu,13.0,8,350.0,145,3988,13.0,1973,US,"chevrolet malibu, 1973",2,21.040325,-14.156977
87,ford gran torino,14.0,8,302.0,137,4042,14.5,1973,US,"ford gran torino, 1973",2,16.247118,-13.30915
88,dodge coronet custom,15.0,8,318.0,150,3777,12.5,1973,US,"dodge coronet custom, 1973",2,22.922482,-13.594655
89,mercury marquis brougham,12.0,8,429.0,198,4952,11.5,1973,US,"mercury marquis brougham, 1973",2,31.40801,-15.070452
90,chevrolet caprice classic,13.0,8,400.0,150,4464,12.0,1973,US,"chevrolet caprice classic, 1973",2,24.748268,-13.25951
91,ford ltd,13.0,8,351.0,158,4363,13.0,1973,US,"ford ltd, 1973",2,21.89402,-15.394653
92,plymouth fury gran sedan,14.0,8,318.0,150,4237,14.5,1973,US,"plymouth fury gran sedan, 1973",2,17.473536,-15.0518
93,chrysler new yorker brougham,13.0,8,440.0,215,4735,11.0,1973,US,"chrysler new yorker brougham, 1973",2,32.29483,-16.077616
94,buick electra 225 custom,12.0,8,455.0,225,4951,11.0,1973,US,"buick electra 225 custom, 1973",2,32.926083,-16.153412
95,amc ambassador brougham,13.0,8,360.0,175,3821,11.0,1973,US,"amc ambassador brougham, 1973",2,29.347689,-15.314976
96,plymouth valiant,18.0,6,225.0,105,3121,16.5,1973,US,"plymouth valiant, 1973",0,-1.9385028,-8.832846
97,chevrolet nova custom,16.0,6,250.0,100,3278,18.0,1973,US,"chevrolet nova custom, 1973",0,-7.908443,-8.73545
98,amc hornet,18.0,6,232.0,100,2945,16.0,1973,US,"amc hornet, 1973",0,-0.7701072,-8.098952
99,ford maverick,18.0,6,250.0,88,3021,16.5,1973,US,"ford maverick, 1973",0,-3.452528,-6.7072453
100,plymouth duster,23.0,6,198.0,95,2904,16.0,1973,US,"plymouth duster, 1973",0,-0.5511152,-4.7704782
101,volkswagen super beetle,26.0,4,97.0,46,1950,21.0,1973,Europe,"volkswagen super beetle, 1973",1,-19.70828,1.448861
102,chevrolet impala,11.0,8,400.0,150,4997,14.0,1973,US,"chevrolet impala, 1973",2,18.96373,-16.201132
103,ford country,12.0,8,400.0,167,4906,12.5,1973,US,"ford country, 1973",2,28.071579,-12.537592
104,plymouth custom suburb,13.0,8,360.0,170,4654,13.0,1973,US,"plymouth custom suburb, 1973",2,28.46603,-11.914089
105,oldsmobile vista cruiser,12.0,8,350.0,180,4499,12.5,1973,US,"oldsmobile vista cruiser, 1973",2,29.753391,-12.793599
106,amc gremlin,18.0,6,232.0,100,2789,15.0,1973,US,"amc gremlin, 1973",0,2.0418508,-7.5807014
107,toyota carina,20.0,4,97.0,88,2279,19.0,1973,Japan,"toyota carina, 1973",1,-13.979202,-1.002714
108,chevrolet vega,21.0,4,140.0,72,2401,19.5,1973,US,"chevrolet vega, 1973",1,-14.778233,-0.11113683
109,datsun 610,22.0,4,108.0,94,2379,16.5,1973,Japan,"datsun 610, 1973",1,-7.411521,4.008959
110,maxda rx3,18.0,3,70.0,90,2124,13.5,1973,Japan,"maxda rx3, 1973",1,1.3960418,7.795102
111,ford pinto,19.0,4,122.0,85,2310,18.5,1973,US,"ford pinto, 1973",1,-13.413441,-0.88836884
112,mercury capri v6,21.0,6,155.0,107,2472,14.0,1973,US,"mercury capri v6, 1973",0,4.6132245,-4.4022074
113,fiat 124 sport coupe,26.0,4,98.0,90,2265,15.5,1973,Europe,"fiat 124 sport coupe, 1973",1,-5.40858,9.569585
114,chevrolet monte carlo s,15.0,8,350.0,145,4082,13.0,1973,US,"chevrolet monte carlo s, 1973",2,20.931162,-13.150544
115,pontiac grand prix,16.0,8,400.0,230,4278,9.5,1973,US,"pontiac grand prix, 1973",2,32.837643,-17.531103
116,fiat 128,29.0,4,68.0,49,1867,19.5,1973,Europe,"fiat 128, 1973",1,-19.82645,4.30385
117,opel manta,24.0,4,116.0,75,2158,15.5,1973,Europe,"opel manta, 1973",1,-6.8212757,7.981697
118,audi 100ls,20.0,4,114.0,91,2582,14.0,1973,Europe,"audi 100ls, 1973",1,0.4213216,8.273202
119,volvo 144ea,19.0,4,121.0,112,2868,15.5,1973,Europe,"volvo 144ea, 1973",0,-0.44641885,4.5768557
120,dodge dart custom,15.0,8,318.0,150,3399,11.0,1973,US,"dodge dart custom, 1973",2,25.837124,-14.807229
121,saab 99le,24.0,4,121.0,110,2660,14.0,1973,Europe,"saab 99le, 1973",1,1.4628322,10.268001
122,toyota mark ii,20.0,6,156.0,122,2807,13.5,1973,Japan,"toyota mark ii, 1973",0,6.5142694,-3.6860466
123,oldsmobile omega,11.0,8,350.0,180,3664,11.0,1973,US,"oldsmobile omega, 1973",2,30.196365,-15.404386
124,plymouth duster,20.0,6,198.0,95,3102,16.5,1974,US,"plymouth duster, 1974",0,-2.7622652,-7.196982
125,amc hornet,19.0,6,232.0,100,2901,16.0,1974,US,"amc hornet, 1974",0,-0.8683051,-7.606541
126,chevrolet nova,15.0,6,250.0,100,3336,17.0,1974,US,"chevrolet nova, 1974",0,-4.6823726,-9.7149315
127,datsun b210,31.0,4,79.0,67,1950,19.0,1974,Japan,"datsun b210, 1974",1,-18.521402,5.794056
128,ford pinto,26.0,4,122.0,80,2451,16.5,1974,US,"ford pinto, 1974",1,-9.485627,6.767899
129,toyota corolla 1200,32.0,4,71.0,65,1836,21.0,1974,Japan,"toyota corolla 1200, 1974",1,-20.49433,2.869945
130,chevrolet vega,25.0,4,140.0,75,2542,17.0,1974,US,"chevrolet vega, 1974",1,-10.21373,5.45498
131,chevrolet chevelle malibu classic,16.0,6,250.0,100,3781,17.0,1974,US,"chevrolet chevelle malibu classic, 1974",0,-4.6162796,-9.355903
132,amc matador,16.0,6,258.0,110,3632,18.0,1974,US,"amc matador, 1974",0,-8.252703,-9.289957
133,plymouth satellite sebring,18.0,6,225.0,105,3613,16.5,1974,US,"plymouth satellite sebring, 1974",0,-1.9606616,-8.973509
134,ford gran torino,16.0,8,302.0,140,4141,14.0,1974,US,"ford gran torino, 1974",2,17.784674,-12.8718195
135,buick century luxus (sw),13.0,8,350.0,150,4699,14.5,1974,US,"buick century luxus (sw), 1974",2,17.642395,-15.614678
136,dodge coronet custom (sw),14.0,8,318.0,150,4457,13.5,1974,US,"dodge coronet custom (sw), 1974",2,19.909252,-14.484998
137,ford gran torino (sw),14.0,8,302.0,140,4638,16.0,1974,US,"ford gran torino (sw), 1974",2,14.483977,-14.4381075
138,amc matador (sw),14.0,8,304.0,150,4257,15.5,1974,US,"amc matador (sw), 1974",2,15.387851,-15.037775
139,audi fox,29.0,4,98.0,83,2219,16.5,1974,Europe,"audi fox, 1974",1,-10.388681,9.273621
140,volkswagen dasher,26.0,4,79.0,67,1963,15.5,1974,Europe,"volkswagen dasher, 1974",1,-8.343522,12.097087
141,opel manta,26.0,4,97.0,78,2300,14.5,1974,Europe,"opel manta, 1974",1,-4.7953815,13.808383
142,toyota corona,31.0,4,76.0,52,1649,16.5,1974,Japan,"toyota corona, 1974",1,-14.807304,12.624539
143,datsun 710,32.0,4,83.0,61,2003,19.0,1974,Japan,"datsun 710, 1974",1,-19.412283,6.2973275
144,dodge colt,28.0,4,90.0,75,2125,14.5,1974,US,"dodge colt, 1974",1,-6.0983896,14.744993
145,fiat 128,24.0,4,90.0,75,2108,15.5,1974,Europe,"fiat 128, 1974",1,-6.8210692,7.9812064
146,fiat 124 tc,26.0,4,116.0,75,2246,14.0,1974,Europe,"fiat 124 tc, 1974",1,-4.73033,14.933314
147,honda civic,24.0,4,120.0,97,2489,15.0,1974,Japan,"honda civic, 1974",1,-2.451615,8.906938
148,subaru,26.0,4,108.0,93,2391,15.5,1974,Japan,"subaru, 1974",1,-4.8076105,9.613821
149,fiat x1.9,31.0,4,79.0,67,2000,16.0,1974,Europe,"fiat x1.9, 1974",1,-13.339147,13.157001
150,plymouth valiant custom,19.0,6,225.0,95,3264,16.0,1975,US,"plymouth valiant custom, 1975",0,-1.4691449,-7.119734
151,chevrolet nova,18.0,6,250.0,105,3459,16.0,1975,US,"chevrolet nova, 1975",0,-0.4984631,-8.666343
152,mercury monarch,15.0,6,250.0,72,3432,21.0,1975,US,"mercury monarch, 1975",0,-12.609179,-5.2779007
153,ford maverick,15.0,6,250.0,72,3158,19.5,1975,US,"ford maverick, 1975",0,-11.748887,-5.473665
154,pontiac catalina,16.0,8,400.0,170,4668,11.5,1975,US,"pontiac catalina, 1975",2,28.184767,-14.842665
155,chevrolet bel air,15.0,8,350.0,145,4440,14.0,1975,US,"chevrolet bel air, 1975",2,18.105139,-13.843357
156,plymouth grand fury,16.0,8,318.0,150,4498,14.5,1975,US,"plymouth grand fury, 1975",2,16.90947,-14.6092
157,ford ltd,14.0,8,351.0,148,4657,13.5,1975,US,"ford ltd, 1975",2,19.663109,-14.219387
158,buick century,17.0,6,231.0,110,3907,21.0,1975,US,"buick century, 1975",0,-11.83939,-7.091966
159,chevroelt chevelle malibu,16.0,6,250.0,105,3897,18.5,1975,US,"chevroelt chevelle malibu, 1975",0,-8.841021,-8.75536
160,amc matador,15.0,6,258.0,110,3730,19.0,1975,US,"amc matador, 1975",0,-9.783758,-8.896271
161,plymouth fury,18.0,6,225.0,95,3785,19.0,1975,US,"plymouth fury, 1975",0,-9.6520405,-7.239295
162,buick skyhawk,21.0,6,231.0,110,3039,15.0,1975,US,"buick skyhawk, 1975",0,2.5949283,-4.91457
163,chevrolet monza 2+2,20.0,8,262.0,110,3221,13.5,1975,US,"chevrolet monza 2+2, 1975",0,8.32929,-5.672507
164,ford mustang ii,13.0,8,302.0,129,3169,12.0,1975,US,"ford mustang ii, 1975",2,24.024483,-12.046098
165,toyota corolla,29.0,4,97.0,75,2171,16.0,1975,Japan,"toyota corolla, 1975",1,-11.38646,10.764582
166,ford pinto,23.0,4,140.0,83,2639,17.0,1975,US,"ford pinto, 1975",1,-9.442356,4.1222734
167,amc gremlin,20.0,6,232.0,100,2914,16.0,1975,US,"amc gremlin, 1975",0,-0.7008806,-6.996151
168,pontiac astro,23.0,4,140.0,78,2592,18.5,1975,US,"pontiac astro, 1975",1,-13.487016,1.0445862
169,toyota corona,24.0,4,134.0,96,2702,13.5,1975,Japan,"toyota corona, 1975",1,0.5690436,10.423702
170,volkswagen dasher,25.0,4,90.0,71,2223,16.5,1975,Europe,"volkswagen dasher, 1975",1,-9.362885,6.1246266
171,datsun 710,24.0,4,119.0,97,2545,17.0,1975,Japan,"datsun 710, 1975",1,-8.450079,3.3443766
172,ford pinto,18.0,6,171.0,97,2984,14.5,1975,US,"ford pinto, 1975",0,3.073841,-6.876233
173,volkswagen rabbit,29.0,4,90.0,70,1937,14.0,1975,Europe,"volkswagen rabbit, 1975",1,-6.2677865,16.248749
174,amc pacer,19.0,6,232.0,90,3211,17.0,1975,US,"amc pacer, 1975",0,-4.69672,-7.050653
175,audi 100ls,23.0,4,115.0,95,2694,15.0,1975,Europe,"audi 100ls, 1975",1,-1.9198333,8.452396
176,peugeot 504,23.0,4,120.0,88,2957,17.0,1975,Europe,"peugeot 504, 1975",1,-8.9829235,3.8610053
177,volvo 244dl,22.0,4,121.0,98,2945,14.5,1975,Europe,"volvo 244dl, 1975",1,-0.5980896,8.622126
178,saab 99le,25.0,4,121.0,115,2671,13.5,1975,Europe,"saab 99le, 1975",1,2.166477,10.33536
179,honda civic cvcc,33.0,4,91.0,53,1795,17.5,1975,Japan,"honda civic cvcc, 1975",1,-18.247353,10.885057
180,fiat 131,28.0,4,107.0,86,2464,15.5,1976,Europe,"fiat 131, 1976",1,-7.028434,10.749761
181,opel 1900,25.0,4,116.0,81,2220,16.9,1976,Europe,"opel 1900, 1976",1,-9.744014,5.180945
182,capri ii,25.0,4,140.0,92,2572,14.9,1976,US,"capri ii, 1976",1,-2.8264184,10.160878
183,dodge colt,26.0,4,98.0,79,2255,17.7,1976,US,"dodge colt, 1976",1,-12.265016,3.3924572
184,renault 12tl,27.0,4,101.0,83,2202,15.3,1976,Europe,"renault 12tl, 1976",1,-6.036909,11.17561
185,chevrolet chevelle malibu classic,17.5,8,305.0,140,4215,13.0,1976,US,"chevrolet chevelle malibu classic, 1976",2,20.308542,-11.646706
186,dodge coronet brougham,16.0,8,318.0,150,4190,13.0,1976,US,"dodge coronet brougham, 1976",2,21.402914,-12.7896
187,amc matador,15.5,8,304.0,120,3962,13.9,1976,US,"amc matador, 1976",2,16.237902,-11.368558
188,ford gran torino,14.5,8,351.0,152,4215,12.8,1976,US,"ford gran torino, 1976",2,22.145344,-13.828977
189,plymouth valiant,22.0,6,225.0,100,3233,15.4,1976,US,"plymouth valiant, 1976",0,1.0096523,-5.3401766
190,chevrolet nova,22.0,6,250.0,105,3353,14.5,1976,US,"chevrolet nova, 1976",0,3.6912045,-4.771445
191,ford maverick,24.0,6,200.0,81,3012,17.6,1976,US,"ford maverick, 1976",0,-6.7181926,-5.275036
192,amc hornet,22.5,6,232.0,90,3085,17.6,1976,US,"amc hornet, 1976",0,-6.616226,-6.018742
193,chevrolet chevette,29.0,4,85.0,52,2035,22.2,1976,US,"chevrolet chevette, 1976",1,-20.649578,1.2826818
194,chevrolet woody,24.5,4,98.0,60,2164,22.1,1976,US,"chevrolet woody, 1976",1,-19.940489,0.583783
195,vw rabbit,29.0,4,90.0,70,1937,14.2,1976,Europe,"vw rabbit, 1976",1,-6.56277,15.911009
196,honda civic,33.0,4,91.0,53,1795,17.4,1976,Japan,"honda civic, 1976",1,-18.118967,11.032701
197,dodge aspen se,20.0,6,225.0,100,3651,17.7,1976,US,"dodge aspen se, 1976",0,-6.626446,-7.6092315
198,ford granada ghia,18.0,6,250.0,78,3574,21.0,1976,US,"ford granada ghia, 1976",0,-12.970069,-5.2533784
199,pontiac ventura sj,18.5,6,250.0,110,3645,16.2,1976,US,"pontiac ventura sj, 1976",0,-0.9897746,-9.2296295
200,amc pacer d/l,17.5,6,258.0,95,3193,17.8,1976,US,"amc pacer d/l, 1976",0,-7.308341,-8.196505
201,volkswagen rabbit,29.5,4,97.0,71,1825,12.2,1976,Europe,"volkswagen rabbit, 1976",1,-5.654841,18.600237
202,datsun b-210,32.0,4,85.0,70,1990,17.0,1976,Japan,"datsun b-210, 1976",1,-16.135042,11.11859
203,toyota corolla,28.0,4,97.0,75,2155,16.4,1976,Japan,"toyota corolla, 1976",1,-11.388217,9.651648
204,ford pinto,26.5,4,140.0,72,2565,13.6,1976,US,"ford pinto, 1976",1,-4.929563,15.732228
205,volvo 245,20.0,4,130.0,102,3150,15.7,1976,Europe,"volvo 245, 1976",0,-1.1054802,4.703773
206,plymouth volare premier v8,13.0,8,318.0,150,3940,13.2,1976,US,"plymouth volare premier v8, 1976",2,20.918306,-14.9076185
207,peugeot 504,19.0,4,120.0,88,3270,21.9,1976,Europe,"peugeot 504, 1976",1,-16.43767,-2.0895853
208,toyota mark ii,19.0,6,156.0,108,2930,15.5,1976,Japan,"toyota mark ii, 1976",0,1.0658989,-7.311691
209,mercedes-benz 280s,16.5,6,168.0,120,3820,16.7,1976,Europe,"mercedes-benz 280s, 1976",0,-1.3841021,-10.608271
210,cadillac seville,16.5,8,350.0,180,4380,12.1,1976,US,"cadillac seville, 1976",2,29.918842,-13.837067
211,chevy c10,13.0,8,350.0,145,4055,12.0,1976,US,"chevy c10, 1976",2,24.264904,-13.07559
212,ford f108,13.0,8,302.0,130,3870,15.0,1976,US,"ford f108, 1976",2,15.258263,-13.374658
213,dodge d100,13.0,8,318.0,150,3755,14.0,1976,US,"dodge d100, 1976",2,18.74335,-15.333037
214,honda accord cvcc,31.5,4,98.0,68,2045,18.5,1977,Japan,"honda accord cvcc, 1977",1,-18.497782,6.957042
215,buick opel isuzu deluxe,30.0,4,111.0,80,2155,14.8,1977,US,"buick opel isuzu deluxe, 1977",1,-7.773331,14.948649
216,renault 5 gtl,36.0,4,79.0,58,1825,18.6,1977,Europe,"renault 5 gtl, 1977",1,-20.187077,8.518781
217,plymouth arrow gs,25.5,4,122.0,96,2300,15.5,1977,US,"plymouth arrow gs, 1977",1,-4.1590014,9.118155
218,datsun f-10 hatchback,33.5,4,85.0,70,1945,16.8,1977,Japan,"datsun f-10 hatchback, 1977",1,-16.471739,12.428587
219,chevrolet caprice classic,17.5,8,305.0,145,3880,12.5,1977,US,"chevrolet caprice classic, 1977",2,21.855585,-11.812014
220,oldsmobile cutlass supreme,17.0,8,260.0,110,4060,19.0,1977,US,"oldsmobile cutlass supreme, 1977",0,-9.606437,-9.800698
221,dodge monaco brougham,15.5,8,318.0,145,4140,13.7,1977,US,"dodge monaco brougham, 1977",2,18.847258,-13.3064785
222,mercury cougar brougham,15.0,8,302.0,130,4295,14.9,1977,US,"mercury cougar brougham, 1977",2,15.060293,-12.880245
223,chevrolet concours,17.5,6,250.0,110,3520,16.4,1977,US,"chevrolet concours, 1977",0,-1.5110488,-9.680784
224,buick skylark,20.5,6,231.0,105,3425,16.9,1977,US,"buick skylark, 1977",0,-3.5710278,-8.515145
225,plymouth volare custom,19.0,6,225.0,100,3630,17.7,1977,US,"plymouth volare custom, 1977",0,-6.6789565,-8.115881
226,ford granada,18.5,6,250.0,98,3525,19.0,1977,US,"ford granada, 1977",0,-9.409667,-7.5982065
227,pontiac grand prix lj,16.0,8,400.0,180,4220,11.1,1977,US,"pontiac grand prix lj, 1977",2,29.208597,-15.652811
228,chevrolet monte carlo landau,15.5,8,350.0,170,4165,11.4,1977,US,"chevrolet monte carlo landau, 1977",2,28.282522,-14.972574
229,chrysler cordoba,15.5,8,400.0,190,4325,12.2,1977,US,"chrysler cordoba, 1977",2,30.792742,-13.930124
230,ford thunderbird,16.0,8,351.0,149,4335,14.5,1977,US,"ford thunderbird, 1977",2,16.968689,-14.379803
231,volkswagen rabbit custom,29.0,4,97.0,78,1940,14.5,1977,Europe,"volkswagen rabbit custom, 1977",1,-6.8202057,15.005654
232,pontiac sunbird coupe,24.5,4,151.0,88,2740,16.0,1977,US,"pontiac sunbird coupe, 1977",1,-6.2992997,6.842302
233,toyota corolla liftback,26.0,4,97.0,75,2265,18.2,1977,Japan,"toyota corolla liftback, 1977",1,-13.558359,2.87241
234,ford mustang ii 2+2,25.5,4,140.0,89,2755,15.8,1977,US,"ford mustang ii 2+2, 1977",1,-5.749633,8.571226
235,chevrolet chevette,30.5,4,98.0,63,2051,17.0,1977,US,"chevrolet chevette, 1977",1,-15.16719,10.997744
236,dodge colt m/m,33.5,4,98.0,83,2075,15.9,1977,US,"dodge colt m/m, 1977",1,-13.614254,15.666222
237,subaru dl,30.0,4,97.0,67,1985,16.4,1977,Japan,"subaru dl, 1977",1,-13.676162,11.824657
238,volkswagen dasher,30.5,4,97.0,78,2190,14.1,1977,Europe,"volkswagen dasher, 1977",1,-7.4334335,16.636707
239,datsun 810,22.0,6,146.0,97,2815,14.5,1977,Japan,"datsun 810, 1977",0,3.49263,-5.4351006
240,bmw 320i,21.5,4,121.0,110,2600,12.8,1977,Europe,"bmw 320i, 1977",1,2.6837234,9.097025
241,mazda rx-4,21.5,3,80.0,110,2720,13.5,1977,Japan,"mazda rx-4, 1977",1,1.9675226,9.006513
242,volkswagen rabbit custom diesel,43.1,4,90.0,48,1985,21.5,1978,Europe,"volkswagen rabbit custom diesel, 1978",1,-23.185617,6.1487403
243,ford fiesta,36.1,4,98.0,66,1800,14.4,1978,US,"ford fiesta, 1978",1,-11.935957,18.466318
244,mazda glc deluxe,32.8,4,78.0,52,1985,19.4,1978,Japan,"mazda glc deluxe, 1978",1,-20.226473,5.7638946
245,datsun b210 gx,39.4,4,85.0,70,2070,18.6,1978,Japan,"datsun b210 gx, 1978",1,-21.193295,9.451118
246,honda civic cvcc,36.1,4,91.0,60,1800,16.4,1978,Japan,"honda civic cvcc, 1978",1,-16.824638,14.580765
247,oldsmobile cutlass salon brougham,19.9,8,260.0,110,3365,15.5,1978,US,"oldsmobile cutlass salon brougham, 1978",2,12.082149,-11.911596
248,dodge diplomat,19.4,8,318.0,140,3735,13.2,1978,US,"dodge diplomat, 1978",2,19.749123,-10.750905
249,mercury monarch ghia,20.2,8,302.0,139,3570,12.8,1978,US,"mercury monarch ghia, 1978",2,20.423359,-10.348579
250,pontiac phoenix lj,19.2,6,231.0,105,3535,19.2,1978,US,"pontiac phoenix lj, 1978",0,-10.019992,-7.9651833
251,chevrolet malibu,20.5,6,200.0,95,3155,18.2,1978,US,"chevrolet malibu, 1978",0,-7.7972174,-7.239937
252,ford fairmont (auto),20.2,6,200.0,85,2965,15.8,1978,US,"ford fairmont (auto), 1978",0,-1.8957171,-5.6157627
253,ford fairmont (man),25.1,4,140.0,88,2720,15.4,1978,US,"ford fairmont (man), 1978",1,-4.9231334,8.8733225
254,plymouth volare,20.5,6,225.0,100,3430,17.2,1978,US,"plymouth volare, 1978",0,-5.3338947,-7.959144
255,amc concord,19.4,6,232.0,90,3210,17.2,1978,US,"amc concord, 1978",0,-5.431211,-6.993265
256,buick century special,20.6,6,231.0,105,3380,15.8,1978,US,"buick century special, 1978",0,0.32856175,-6.400204
257,mercury zephyr,20.8,6,200.0,85,3070,16.7,1978,US,"mercury zephyr, 1978",0,-4.3101954,-5.893834
258,dodge aspen,18.6,6,225.0,110,3620,18.7,1978,US,"dodge aspen, 1978",0,-9.258617,-8.406475
259,amc concord d/l,18.1,6,258.0,120,3410,15.1,1978,US,"amc concord d/l, 1978",0,2.5285082,-9.242831
260,chevrolet monte carlo landau,19.2,8,305.0,145,3425,13.2,1978,US,"chevrolet monte carlo landau, 1978",2,20.329138,-10.944042
261,buick regal sport coupe (turbo),17.7,6,231.0,165,3445,13.4,1978,US,"buick regal sport coupe (turbo), 1978",2,22.137743,-9.740816
262,ford futura,18.1,8,302.0,139,3205,11.2,1978,US,"ford futura, 1978",2,24.67623,-15.469153
263,dodge magnum xe,17.5,8,318.0,140,4080,13.7,1978,US,"dodge magnum xe, 1978",2,18.681557,-11.932331
264,chevrolet chevette,30.0,4,98.0,68,2155,16.5,1978,US,"chevrolet chevette, 1978",1,-14.009733,11.517793
265,toyota corona,27.5,4,134.0,95,2560,14.2,1978,Japan,"toyota corona, 1978",1,-1.9955457,12.721201
266,datsun 510,27.2,4,119.0,97,2300,14.7,1978,Japan,"datsun 510, 1978",1,-2.167464,12.072065
267,dodge omni,30.9,4,105.0,75,2230,14.5,1978,US,"dodge omni, 1978",1,-8.358177,16.151844
268,toyota celica gt liftback,21.1,4,134.0,95,2515,14.8,1978,Japan,"toyota celica gt liftback, 1978",1,-0.911791,7.950068
269,plymouth sapporo,23.2,4,156.0,105,2745,16.7,1978,US,"plymouth sapporo, 1978",1,-7.5152583,3.056734
270,oldsmobile starfire sx,23.8,4,151.0,85,2855,17.6,1978,US,"oldsmobile starfire sx, 1978",1,-10.999458,3.0732331
271,datsun 200-sx,23.9,4,119.0,97,2405,14.9,1978,Japan,"datsun 200-sx, 1978",1,-1.9438787,9.280927
272,audi 5000,20.3,5,131.0,103,2830,15.9,1978,Europe,"audi 5000, 1978",0,-0.24071027,-6.16628
273,volvo 264gl,17.0,6,163.0,125,3140,13.6,1978,Europe,"volvo 264gl, 1978",0,6.9004335,-4.156996
274,saab 99gle,21.6,4,121.0,115,2795,15.7,1978,Europe,"saab 99gle, 1978",0,-0.7227714,4.241482
275,peugeot 604sl,16.2,6,163.0,133,3410,15.8,1978,Europe,"peugeot 604sl, 1978",0,2.2039604,-10.773555
276,volkswagen scirocco,31.5,4,89.0,71,1990,14.9,1978,Europe,"volkswagen scirocco, 1978",1,-10.069755,15.958411
277,honda accord lx,29.5,4,98.0,68,2135,16.6,1978,Japan,"honda accord lx, 1978",1,-13.808698,11.072467
278,pontiac lemans v6,21.5,6,231.0,115,3245,15.4,1979,US,"pontiac lemans v6, 1979",0,1.9108169,-4.4830575
279,mercury zephyr 6,19.8,6,200.0,85,2990,18.2,1979,US,"mercury zephyr 6, 1979",0,-8.032729,-6.373616
280,ford fairmont 4,22.3,4,140.0,88,2890,17.3,1979,US,"ford fairmont 4, 1979",1,-9.602315,3.1509798
281,amc concord dl 6,20.2,6,232.0,90,3265,18.2,1979,US,"amc concord dl 6, 1979",0,-7.7991166,-6.799864
282,dodge aspen 6,20.6,6,225.0,110,3360,16.6,1979,US,"dodge aspen 6, 1979",0,-2.8159566,-8.966341
283,chevrolet caprice classic,17.0,8,305.0,130,3840,15.4,1979,US,"chevrolet caprice classic, 1979",2,13.915992,-13.020732
284,ford ltd landau,17.6,8,302.0,129,3725,13.4,1979,US,"ford ltd landau, 1979",2,18.465889,-10.954209
285,mercury grand marquis,16.5,8,351.0,138,3955,13.2,1979,US,"mercury grand marquis, 1979",2,19.605284,-11.9376545
286,dodge st. regis,18.2,8,318.0,135,3830,15.2,1979,US,"dodge st. regis, 1979",2,13.934184,-12.821263
287,buick estate wagon (sw),16.9,8,350.0,155,4360,14.9,1979,US,"buick estate wagon (sw), 1979",2,16.340286,-15.307477
288,ford country squire (sw),15.5,8,351.0,142,4054,14.3,1979,US,"ford country squire (sw), 1979",2,17.207586,-13.5509815
289,chevrolet malibu classic (sw),19.2,8,267.0,125,3605,15.0,1979,US,"chevrolet malibu classic (sw), 1979",2,13.187398,-12.339634
290,chrysler lebaron town @ country (sw),18.5,8,360.0,150,3940,13.0,1979,US,"chrysler lebaron town @ country (sw), 1979",2,21.110163,-11.178231
291,vw rabbit custom,31.9,4,89.0,71,1925,14.0,1979,Europe,"vw rabbit custom, 1979",1,-8.415092,17.23187
292,maxda glc deluxe,34.1,4,86.0,65,1975,15.2,1979,Japan,"maxda glc deluxe, 1979",1,-12.5253935,16.740257
293,dodge colt hatchback custom,35.7,4,98.0,80,1915,14.4,1979,US,"dodge colt hatchback custom, 1979",1,-10.633379,18.972574
294,amc spirit dl,27.4,4,121.0,80,2670,15.0,1979,US,"amc spirit dl, 1979",1,-5.916912,12.611066
295,mercedes benz 300d,25.4,5,183.0,77,3530,20.1,1979,Europe,"mercedes benz 300d, 1979",1,-17.215513,1.0485587
296,cadillac eldorado,23.0,8,350.0,125,3900,17.4,1979,US,"cadillac eldorado, 1979",0,-6.2372923,-11.453194
297,peugeot 504,27.2,4,141.0,71,3190,24.8,1979,Europe,"peugeot 504, 1979",1,-21.058577,0.038713243
298,oldsmobile cutlass salon brougham,23.9,8,260.0,90,3420,22.2,1979,US,"oldsmobile cutlass salon brougham, 1979",0,-14.042567,-5.526211
299,plymouth horizon,34.2,4,105.0,70,2200,13.2,1979,US,"plymouth horizon, 1979",1,-8.223148,18.505976
300,plymouth horizon tc3,34.5,4,105.0,70,2150,14.9,1979,US,"plymouth horizon tc3, 1979",1,-11.613589,17.47956
301,datsun 210,31.8,4,85.0,65,2020,19.2,1979,Japan,"datsun 210, 1979",1,-19.287466,5.648027
302,fiat strada custom,37.3,4,91.0,69,2130,14.7,1979,Europe,"fiat strada custom, 1979",1,-12.399608,18.892918
303,buick skylark limited,28.4,4,151.0,90,2670,16.0,1979,US,"buick skylark limited, 1979",1,-8.50204,9.590176
304,chevrolet citation,28.8,6,173.0,115,2595,11.3,1979,US,"chevrolet citation, 1979",0,6.315401,0.2425365
305,oldsmobile omega brougham,26.8,6,173.0,115,2700,12.9,1979,US,"oldsmobile omega brougham, 1979",0,5.988736,-0.8098909
306,pontiac phoenix,33.5,4,151.0,90,2556,13.2,1979,US,"pontiac phoenix, 1979",1,-7.4119377,19.5223
307,vw rabbit,41.5,4,98.0,76,2144,14.7,1980,Europe,"vw rabbit, 1980",1,-13.103403,20.081528
308,toyota corolla tercel,38.1,4,89.0,60,1968,18.8,1980,Japan,"toyota corolla tercel, 1980",1,-20.970032,8.74553
309,chevrolet chevette,32.1,4,98.0,70,2120,15.5,1980,US,"chevrolet chevette, 1980",1,-12.344353,15.130074
310,datsun 310,37.2,4,86.0,65,2019,16.4,1980,Japan,"datsun 310, 1980",1,-17.41802,14.697269
311,chevrolet citation,28.0,4,151.0,90,2678,16.5,1980,US,"chevrolet citation, 1980",1,-9.796383,8.442712
312,ford fairmont,26.4,4,140.0,88,2870,18.1,1980,US,"ford fairmont, 1980",1,-13.022753,3.8656924
313,amc concord,24.3,4,151.0,90,3003,20.1,1980,US,"amc concord, 1980",1,-16.350418,0.20233026
314,dodge aspen,19.1,6,225.0,90,3381,18.7,1980,US,"dodge aspen, 1980",0,-8.899737,-6.8941107
315,audi 4000,34.3,4,97.0,78,2188,15.8,1980,Europe,"audi 4000, 1980",1,-13.7885275,15.958006
316,toyota corona liftback,29.8,4,134.0,90,2711,15.5,1980,Japan,"toyota corona liftback, 1980",1,-8.012751,10.808126
317,mazda 626,31.3,4,120.0,75,2542,17.5,1980,Japan,"mazda 626, 1980",1,-16.509573,9.856382
318,datsun 510 hatchback,37.0,4,119.0,92,2434,15.0,1980,Japan,"datsun 510 hatchback, 1980",1,-10.883985,20.384502
319,toyota corolla,32.2,4,108.0,75,2265,15.2,1980,Japan,"toyota corolla, 1980",1,-11.257749,15.858499
320,mazda glc,46.6,4,86.0,65,2110,17.9,1980,Japan,"mazda glc, 1980",1,-21.732433,10.827497
321,dodge colt,27.9,4,156.0,105,2800,14.4,1980,US,"dodge colt, 1980",1,-1.0982956,12.594528
322,datsun 210,40.8,4,85.0,65,2110,19.2,1980,Japan,"datsun 210, 1980",1,-21.742361,8.850685
323,vw rabbit c (diesel),44.3,4,90.0,48,2085,21.7,1980,Europe,"vw rabbit c (diesel), 1980",1,-23.258108,6.0546417
324,vw dasher (diesel),43.4,4,90.0,48,2335,23.7,1980,Europe,"vw dasher (diesel), 1980",1,-23.395079,5.31983
325,audi 5000s (diesel),36.4,5,121.0,67,2950,19.9,1980,Europe,"audi 5000s (diesel), 1980",1,-21.200743,7.0727477
326,mercedes-benz 240d,30.0,4,146.0,67,3250,21.8,1980,Europe,"mercedes-benz 240d, 1980",1,-20.636526,1.9431651
327,honda civic 1500 gl,44.6,4,91.0,67,1850,13.8,1980,Japan,"honda civic 1500 gl, 1980",1,-13.517664,20.469982
328,subaru dl,33.8,4,97.0,67,2145,18.0,1980,Japan,"subaru dl, 1980",1,-18.608158,9.249916
329,vokswagen rabbit,29.8,4,89.0,62,1845,15.3,1980,Europe,"vokswagen rabbit, 1980",1,-11.47666,14.17375
330,datsun 280-zx,32.7,6,168.0,132,2910,11.4,1980,Japan,"datsun 280-zx, 1980",0,6.3870363,0.56103355
331,mazda rx-7 gs,23.7,3,70.0,100,2420,12.5,1980,Japan,"mazda rx-7 gs, 1980",1,2.8643394,9.452167
332,triumph tr7 coupe,35.0,4,122.0,88,2500,15.1,1980,Europe,"triumph tr7 coupe, 1980",1,-10.665626,20.073048
333,honda accord,32.4,4,107.0,72,2290,17.0,1980,Japan,"honda accord, 1980",1,-16.46727,11.371676
334,plymouth reliant,27.2,4,135.0,84,2490,15.7,1981,US,"plymouth reliant, 1981",1,-7.2022715,9.774631
335,buick skylark,26.6,4,151.0,84,2635,16.4,1981,US,"buick skylark, 1981",1,-9.215613,7.609359
336,dodge aries wagon (sw),25.8,4,156.0,92,2620,14.4,1981,US,"dodge aries wagon (sw), 1981",1,-1.8827866,11.361098
337,chevrolet citation,23.5,6,173.0,110,2725,12.6,1981,US,"chevrolet citation, 1981",0,6.15728,-1.4433217
338,plymouth reliant,30.0,4,135.0,84,2385,12.9,1981,US,"plymouth reliant, 1981",1,-6.2770686,18.543865
339,toyota starlet,39.1,4,79.0,58,1755,16.9,1981,Japan,"toyota starlet, 1981",1,-18.40919,14.259606
340,plymouth champ,39.0,4,86.0,64,1875,16.4,1981,US,"plymouth champ, 1981",1,-18.06509,15.024207
341,honda civic 1300,35.1,4,81.0,60,1760,16.1,1981,Japan,"honda civic 1300, 1981",1,-16.092016,15.082936
342,subaru,32.3,4,97.0,67,2065,17.8,1981,Japan,"subaru, 1981",1,-17.773945,9.6175
343,datsun 210 mpg,37.0,4,85.0,65,1975,19.4,1981,Japan,"datsun 210 mpg, 1981",1,-21.076847,7.889284
344,toyota tercel,37.7,4,89.0,62,2050,17.3,1981,Japan,"toyota tercel, 1981",1,-18.665787,13.293273
345,mazda glc 4,34.1,4,91.0,68,1985,16.0,1981,Japan,"mazda glc 4, 1981",1,-14.843677,14.891115
346,plymouth horizon 4,34.7,4,105.0,63,2215,14.9,1981,US,"plymouth horizon 4, 1981",1,-12.280402,17.49334
347,ford escort 4w,34.4,4,98.0,65,2045,16.2,1981,US,"ford escort 4w, 1981",1,-15.66979,14.4588995
348,ford escort 2h,29.9,4,98.0,65,2380,20.7,1981,US,"ford escort 2h, 1981",1,-19.695375,2.7121782
349,volkswagen jetta,33.0,4,105.0,74,2190,14.2,1981,Europe,"volkswagen jetta, 1981",1,-9.333511,17.564486
350,renault 18i,34.5,4,100.0,57,2320,15.8,1981,Europe,"renault 18i, 1981",1,-15.572529,15.619547
351,honda prelude,33.7,4,107.0,75,2210,14.4,1981,Japan,"honda prelude, 1981",1,-10.117168,17.857733
352,toyota corolla,32.4,4,108.0,75,2350,16.8,1981,Japan,"toyota corolla, 1981",1,-15.929181,11.830029
353,datsun 200sx,32.9,4,119.0,100,2615,14.8,1981,Japan,"datsun 200sx, 1981",1,-9.193774,20.720215
354,mazda 626,31.6,4,120.0,74,2635,18.3,1981,Japan,"mazda 626, 1981",1,-18.007225,7.6382346
355,peugeot 505s turbo diesel,28.1,4,141.0,80,3230,20.4,1981,Europe,"peugeot 505s turbo diesel, 1981",1,-17.85894,2.0535781
356,volvo diesel,30.7,6,145.0,76,3160,19.6,1981,Europe,"volvo diesel, 1981",1,-17.6641,3.7914937
357,toyota cressida,25.4,6,168.0,116,2900,12.6,1981,Japan,"toyota cressida, 1981",0,6.0991073,-0.9267851
358,datsun 810 maxima,24.2,6,146.0,120,2930,13.8,1981,Japan,"datsun 810 maxima, 1981",0,5.542376,-2.2497406
359,buick century,22.4,6,231.0,110,3415,15.8,1981,US,"buick century, 1981",0,0.86641055,-4.3531065
360,oldsmobile cutlass ls,26.6,8,350.0,105,3725,19.0,1981,US,"oldsmobile cutlass ls, 1981",0,-7.3952665,-11.105018
361,ford granada gl,20.2,6,200.0,88,3060,17.1,1981,US,"ford granada gl, 1981",0,-5.2284737,-6.43169
362,chrysler lebaron salon,17.6,6,225.0,85,3465,16.6,1981,US,"chrysler lebaron salon, 1981",0,-3.816583,-6.6633053
363,chevrolet cavalier,28.0,4,112.0,88,2605,19.6,1982,US,"chevrolet cavalier, 1982",1,-16.714071,2.5381038
364,chevrolet cavalier wagon,27.0,4,112.0,88,2640,18.6,1982,US,"chevrolet cavalier wagon, 1982",1,-14.195494,3.705753
365,chevrolet cavalier 2-door,34.0,4,112.0,88,2395,18.0,1982,US,"chevrolet cavalier 2-door, 1982",1,-17.454046,8.4981365
366,pontiac j2000 se hatchback,31.0,4,112.0,85,2575,16.2,1982,US,"pontiac j2000 se hatchback, 1982",1,-10.265406,10.649463
367,dodge aries se,29.0,4,135.0,84,2525,16.0,1982,US,"dodge aries se, 1982",1,-9.353295,10.019396
368,pontiac phoenix,27.0,4,151.0,90,2735,18.0,1982,US,"pontiac phoenix, 1982",1,-12.817638,4.2743487
369,ford fairmont futura,24.0,4,140.0,92,2865,16.4,1982,US,"ford fairmont futura, 1982",1,-7.684885,5.013613
370,amc concord dl,23.0,4,151.0,88,3035,20.5,1982,US,"amc concord dl, 1982",1,-16.337885,-0.41008756
371,volkswagen rabbit l,36.0,4,105.0,74,1980,15.3,1982,Europe,"volkswagen rabbit l, 1982",1,-13.158588,17.678972
372,mazda glc custom l,37.0,4,91.0,68,2025,18.2,1982,Japan,"mazda glc custom l, 1982",1,-20.16236,9.635551
373,mazda glc custom,31.0,4,91.0,68,1970,17.6,1982,Japan,"mazda glc custom, 1982",1,-16.968618,9.897966
374,plymouth horizon miser,38.0,4,105.0,63,2125,14.7,1982,US,"plymouth horizon miser, 1982",1,-12.977575,19.001352
375,mercury lynx l,36.0,4,98.0,70,2125,17.3,1982,US,"mercury lynx l, 1982",1,-18.467485,12.404949
376,nissan stanza xe,36.0,4,120.0,88,2160,14.5,1982,Japan,"nissan stanza xe, 1982",1,-10.304097,19.766582
377,honda accord,36.0,4,107.0,75,2205,14.5,1982,Japan,"honda accord, 1982",1,-11.276404,18.715122
378,toyota corolla,34.0,4,108.0,70,2245,16.9,1982,Japan,"toyota corolla, 1982",1,-16.994087,12.357436
379,honda civic,38.0,4,91.0,67,1965,15.0,1982,Japan,"honda civic, 1982",1,-13.299275,18.692266
380,honda civic (auto),32.0,4,91.0,67,1965,15.7,1982,Japan,"honda civic (auto), 1982",1,-12.9939575,14.440633
381,datsun 310 gx,38.0,4,91.0,67,1995,16.2,1982,Japan,"datsun 310 gx, 1982",1,-17.435156,15.423934
382,buick century limited,25.0,6,181.0,110,2945,16.4,1982,US,"buick century limited, 1982",0,-0.016751813,-3.5958035
383,oldsmobile cutlass ciera (diesel),38.0,6,262.0,85,3015,17.0,1982,US,"oldsmobile cutlass ciera (diesel), 1982",1,-19.900175,13.804136
384,chrysler lebaron medallion,26.0,4,156.0,92,2585,14.5,1982,US,"chrysler lebaron medallion, 1982",1,-2.4688766,11.436984
385,ford granada l,22.0,6,232.0,112,2835,14.7,1982,US,"ford granada l, 1982",0,3.2774034,-4.3271856
386,toyota celica gt,32.0,4,144.0,96,2665,13.9,1982,Japan,"toyota celica gt, 1982",1,-7.981939,20.328629
387,dodge charger 2.2,36.0,4,135.0,84,2370,13.0,1982,US,"dodge charger 2.2, 1982",1,-7.9471684,19.253347
388,chevrolet camaro,27.0,4,151.0,90,2950,17.3,1982,US,"chevrolet camaro, 1982",1,-11.59726,5.159275
389,ford mustang gl,27.0,4,140.0,86,2790,15.6,1982,US,"ford mustang gl, 1982",1,-6.428526,9.8944845
390,vw pickup,44.0,4,97.0,52,2130,24.6,1982,Europe,"vw pickup, 1982",1,-23.43248,5.09877
391,dodge rampage,32.0,4,135.0,84,2295,11.6,1982,US,"dodge rampage, 1982",1,-5.8913827,19.22446
392,ford ranger,28.0,4,120.0,79,2625,18.6,1982,US,"ford ranger, 1982",1,-15.049518,3.7150633
393,chevy s-10,31.0,4,119.0,82,2720,19.4,1982,US,"chevy s-10, 1982",1,-17.542845,4.7271447
